ip,anonymityLevel,asn,country,isp,latency,org,port,protocols,responseTime,speed,updated_at,upTime,upTimeSuccessCount,upTimeTryCount
"110.77.232.221","elite","AS131090","TH","CAT Telecom Public Company Limited","198","CAT BBviaOnnet","4145","socks4","42","1","2023-01-15T11:08:22.622Z","89","702","792"
"110.77.236.112","elite","AS131090","TH","CAT Telecom Public Company Limited","194","CAT BBviaOnnet","4153","socks4","42","1","2023-01-15T11:08:21.976Z","86","688","796"
"125.19.99.90","elite","AS9498","IN","Bharti Airtel","127","World Phone  PVT Ltd.","4145","socks4","42","1","2023-01-15T11:08:19.533Z","100","809","813"
"170.80.91.14","elite","AS264820","CR","Corebases S.A","157","Corebases S.A","4145","socks4","39","1","2023-01-15T11:08:18.919Z","98","801","815"
"36.90.167.71","elite","AS7713","ID","PT. Telekomunikasi Indonesia","176","Telekomunikasi Indonesia","5678","socks4","43","2","2023-01-15T11:08:14.156Z","76","606","800"
"199.247.21.21","elite","AS20473","DE","The Constant Company","10","Vultr Holdings LLC Frankfurt","8090","http","51","11","2023-01-15T11:08:12.766Z","100","817","817"
"45.112.125.56","elite","AS58369","ID","FIBERNET","164","N/A","4145","socks4","52","1","2023-01-15T11:08:12.096Z","99","752","757"
"125.162.57.178","elite","AS7713","ID","PT. TELKOM INDONESIA","164","N/A","4145","socks4","37","1","2023-01-15T11:08:11.735Z","91","730","802"
"120.26.68.107","elite","AS37963","CN","Addresses CNNIC","199","Aliyun Computing Co., LTD","80","socks4","40","1","2023-01-15T11:08:11.388Z","99","714","721"
"177.105.68.119","elite","AS262637","BR","Netprimus Tecnologia Ltda","185","Netprimus Tecnologia Ltda","4153","socks4","39","1","2023-01-15T11:08:10.957Z","100","809","812"
"14.207.117.32","elite","AS45629","TH","Triple T Broadband Public Company Limited","152","Triple T Broadband Public Company Limited","4153","socks4","43","1","2023-01-15T11:08:10.939Z","98","781","801"
"213.32.253.145","elite","AS206206","IQ","Kurdistan Net Company for Computer and Internet Ltd.","79","Exabyt","4145","socks4","44","1","2023-01-15T11:08:10.907Z","21","165","780"
"102.141.197.17","anonymous","AS328319","SO","Amtel LTD","136","AMTELKOM","8080","http","54","885","2023-01-15T11:08:10.531Z","99","717","723"
"188.255.244.37","elite","AS52116","RS","Orion Telekom ISP IP Network in Subotica","37","Orion Telekom Tim d.o.o.Beograd","1080","socks4","56","1","2023-01-15T11:08:10.470Z","100","817","817"
"43.134.167.51","elite","AS132203","SG","Aceville Pte.ltd","323","N/A","443","socks5","56","1","2023-01-15T11:08:10.486Z","84","662","790"
"106.110.200.3","elite","AS4134","CN","Chinanet","207","Chinanet GD","57114","socks4","72","2","2023-01-15T11:08:08.483Z","93","716","773"
"181.233.49.146","anonymous","AS272094","EC","Optilink CIA Ltda","192","Optilink CIA Ltda","999","http","53","1383","2023-01-15T11:08:08.347Z","100","721","723"
"203.24.109.26","elite","AS209242","BZ","Cloudflare London","2","Umpire Associates LTD","80","socks4","71","1","2023-01-15T11:08:08.250Z","100","807","807"
"103.47.93.247","elite","AS134058","IN","Broban Internet Services Pvt.ltd","223","Broban  PVT Ltd.","1080","socks4","37","1","2023-01-15T11:08:08.164Z","100","817","818"
"51.68.123.217","elite","AS16276","FR","OVH SAS","5","OVH","7497","socks5","41","1","2023-01-15T11:08:08.518Z","100","805","805"
"81.174.11.159","elite","AS35612","IT","NGI","24","NGI S.p.A.","43516","socks4","53","1","2023-01-15T11:08:07.992Z","51","368","722"
"195.154.56.108","elite","AS12876","FR","Online SAS","1","N/A","57438","socks5","42","1","2023-01-15T11:08:07.887Z","62","493","790"
"212.108.144.67","anonymous","AS202254","CY","Lifecell Digital LTD","65","N/A","8080","http","73","3143","2023-01-15T11:08:07.343Z","100","837","839"
"103.59.203.161","elite","AS134014","IN","NET 4 U SERVICES PVT LTD","191","NET 4 U Services PVT LTD","4145","socks4","149","1","2023-01-15T11:08:07.961Z","100","809","812"
"66.29.129.52","elite","AS22612","US","Namecheap, Inc.","133","Namecheap, Inc.","14924","socks4","47","1","2023-01-15T11:08:07.998Z","100","818","821"
"105.213.75.250","elite","AS16637","ZA","MTN SA","176","MTN SA","5678","socks4","87","1","2023-01-15T11:08:07.611Z","95","731","772"
"158.140.160.86","elite","AS63859","ID","MYREPUBLIC","198","N/A","10808","socks4","38","1","2023-01-15T11:08:06.965Z","98","777","791"
"189.85.112.20","elite","AS270540","BR","WEBNET Telecom","229","WEBNET Telecom","7497","socks5","65","1","2023-01-15T11:08:06.210Z","99","753","757"
"41.191.203.89","elite","AS37057","LS","ENTERPRISE","194","N/A","5678","socks4","44","1","2023-01-15T11:08:06.875Z","100","822","824"
"181.129.52.154","elite","AS13489","CO","EPM Telecomunicaciones S.A. E.S.P.","144","EPM Telecomunicaciones S.A. E.S.P","42648","http","39","293","2023-01-15T11:08:06.223Z","98","705","719"
"43.153.81.168","elite","AS132203","US","Shenzhen Tencent Computer Systems Company Limited","152","Tencent Cloud Computing","443","socks4","41","1","2023-01-15T11:08:05.585Z","59","468","795"
"102.164.16.148","elite","AS328341","ZA","Capricom","238","N/A","5678","socks4","49","2","2023-01-15T11:08:05.637Z","88","644","728"
"58.59.60.94","elite","AS4134","CN","Chinanet","186","Chinanet SD","10800","socks4","36","6","2023-01-15T11:08:05.428Z","97","741","762"
"143.244.140.236","elite","AS14061","IN","DigitalOcean, LLC","155","DigitalOcean, LLC","8444","socks4","46","1","2023-01-15T11:08:05.070Z","100","764","765"
"186.251.255.245","elite","AS267513","BR","Seanet Telecom Carazinho Eireli","216","Seanet Telecom Carazinho Eireli","31337","socks4","53","1","2023-01-15T11:08:05.634Z","100","816","818"
"201.144.20.231","elite","AS8151","MX","Uninet S.A. de C.V","173","Gestión de direccionamiento UniNet","5678","socks4","48","1","2023-01-15T11:08:05.635Z","98","824","838"
"93.171.241.18","elite","AS8870","UA","tom nets","39","Campus City Ltd","1080","socks4","51","1","2023-01-15T11:08:05.002Z","100","837","837"
"177.128.44.129","elite","AS262605","BR","BRASIL TECNOLOGIA E PARTICIPACOES S/A","244","BRASIL TECNOLOGIA E PARTICIPACOES S/A","31337","socks4","66","1","2023-01-15T11:08:05.602Z","100","826","827"
"177.155.130.97","elite","AS53062","BR","Ggnet Telecom Backbone","208","Ggnet Telecom Backbone","5678","socks4","68","1","2023-01-15T11:08:05.635Z","99","729","735"
"206.189.149.96","elite","AS14061","SG","DigitalOcean, LLC","156","DigitalOcean, LLC","1080","socks5","46","1","2023-01-15T11:08:05.138Z","77","597","779"
"218.21.78.35","elite","AS4134","CN","China Telecom","234","N/A","4145","socks4","132","2","2023-01-15T11:08:05.341Z","93","704","759"
"91.232.105.105","elite","AS49981","NL","WorldStream B.V.","14","WorldStream B.V","32913","socks5","77","1","2023-01-15T11:08:05.989Z","99","768","777"
"201.184.155.20","elite","AS13489","CO","EPM Telecomunicaciones S.A. E.S.P.","144","EPM Telecomunicaciones S.A. E.S.P","5678","socks4","38","1","2023-01-15T11:08:05.643Z","90","738","820"
"189.22.78.34","elite","AS4230","BR","Claro S.A","247","Hotelaria Accor Brasil S/A","4153","socks4","65","1","2023-01-15T11:08:04.228Z","99","831","837"
"45.114.144.199","elite","AS55507","IN","Tejays Dynamic Limited","221","Tejays Dynamic Ltd","32434","socks4","54","1","2023-01-15T11:08:04.227Z","73","536","738"
"5.202.151.92","elite","AS49100","IR","PTS-Network","123","N/A","80","socks5","37","1","2023-01-15T11:08:04.492Z","91","701","773"
"36.95.122.51","elite","AS7713","ID","PT. Telekomunikasi Indonesia","196","Telekomunikasi Indonesia","5678","socks4","129","1","2023-01-15T11:08:04.766Z","92","669","724"
"27.106.84.186","elite","AS45194","IN","Syscon Infoway Pvt. Ltd","119","Syscon Infoway Pvt. Ltd.","4153","socks4","135","1","2023-01-15T11:08:04.552Z","99","829","838"
"171.97.40.215","elite","AS17552","TH","True Internet Corporation CO. Ltd.","191","Truenet Hisp","8080","socks4","62","1","2023-01-15T11:08:04.915Z","89","652","734"
"80.26.55.178","elite","AS3352","ES","TDENET (Red de servicios IP)","31","N/A","5678","socks4","48","1","2023-01-15T11:08:04.558Z","100","761","762"
"202.129.52.173","elite","AS9931","TH","CAT Telecom Public Company Limited","185","CAT Northeast","4153","socks4","155","1","2023-01-15T11:08:04.159Z","99","811","818"
"102.66.231.64","elite","AS328471","ZA","HERO TELECOMS (PTY) LTD","227","Herotel","5678","socks4","97","1","2023-01-15T11:08:04.181Z","46","342","742"
"183.89.9.20","elite","AS45629","TH","Triple T Broadband Public Company Limited","157","Triple T Broadband Public Company Limited","4153","socks4","49","1","2023-01-15T11:08:04.526Z","98","772","790"
"114.116.96.118","elite","AS23724","CN","IDC, China Telecommunications Corporation","161","Huawei Public Cloud Service","2080","socks5","55","1","2023-01-15T11:08:04.149Z","98","764","776"
"45.112.125.62","elite","AS58369","ID","FIBERNET","165","N/A","4145","socks4","67","1","2023-01-15T11:08:04.218Z","100","836","839"
"157.245.1.59","elite","AS14061","US","DigitalOcean, LLC","81","DigitalOcean, LLC","57998","socks5","63","1","2023-01-15T11:08:04.501Z","99","787","792"
"190.13.147.93","elite","AS14117","CL","Telefonica del Sur S.A.","210","Telefonica del Sur S.A","5678","socks4","111","1","2023-01-15T11:08:04.180Z","96","749","777"
"172.104.154.229","elite","AS63949","DE","Linode, LLC","10","Linode","1082","socks5","119","1","2023-01-15T11:08:04.539Z","100","776","776"
"201.147.86.225","elite","AS8151","MX","Uninet S.A. de C.V","164","Gestión de direccionamiento UniNet","3128","socks4","120","1","2023-01-15T11:08:03.174Z","100","816","820"
"202.124.43.174","elite","AS9902","KH","NeocomISP Limited","211","NeocomISP Limited","4145","socks4","137","1","2023-01-15T11:08:03.559Z","99","829","837"
"200.108.196.108","elite","AS20255","UY","Tecnowind S.A.","231","Tecnowind S.A","4145","socks4","107","1","2023-01-15T11:08:03.005Z","98","821","835"
"1.4.195.114","elite","AS23969","TH","TOT Public Company Limited","158","TOT Public Company Limited","4145","socks4","38","1","2023-01-15T11:08:03.573Z","100","837","838"
"45.122.44.2","elite","AS38571","IN","Channel9 Cable Network","142","N/A","5678","socks4","58","1","2023-01-15T11:08:03.087Z","99","830","837"
"103.47.93.25","elite","AS134058","IN","Broban Internet Services Pvt.ltd","221","Broban  PVT Ltd.","1080","socks4","71","1","2023-01-15T11:08:03.739Z","100","795","797"
"185.169.181.15","elite","AS34984","TR","Ates Dc","55","Ibrahim MALA trading as Ates Dc","4145","socks4","53","1","2023-01-15T11:08:03.560Z","100","823","823"
"189.16.7.2","elite","AS4230","BR","Claro S.A","264","Seven - Administracao E Participacao Ltda","4153","socks4","57","2","2023-01-15T11:08:03.176Z","100","838","838"
"178.62.202.227","elite","AS14061","NL","DigitalOcean, LLC","14","Digital Ocean","7497","socks5","63","1","2023-01-15T11:08:03.510Z","100","806","806"
"85.208.252.138","elite","AS43754","IR","Asiatech Data Transmission company","89","RasaAbrPardazeshIranian GeevCloud","9050","socks4","54","1","2023-01-15T11:08:03.245Z","97","794","821"
"138.204.146.46","elite","AS263896","BR","J A J INFORMATICA","235","J A J INFORMATICA","3332","socks5","59","1","2023-01-15T11:08:03.560Z","100","787","790"
"152.69.221.55","elite","AS31898","SG","Oracle Corporation","241","Oracle Corporation","10114","socks5","106","1","2023-01-15T11:08:03.296Z","100","791","791"
"186.4.247.48","elite","AS27947","EC","Telconet S.A","176","Clientes NETLIFE Quito - gepon","51327","socks4","64","1","2023-01-15T11:08:03.455Z","100","721","723"
"106.15.76.121","elite","AS37963","CN","Hangzhou Alibaba Advertising Co","182","Aliyun Computing Co., LTD","3128","http","92","373","2023-01-15T11:08:03.512Z","98","709","720"
"51.158.111.242","elite","AS12876","FR","SCALEWAY","1","ONLINE","8811","socks4","53","1","2023-01-15T11:08:03.865Z","100","836","836"
"202.159.35.57","elite","AS9340","ID","PT IndoInternet","184","N/A","443","socks4","61","3","2023-01-15T11:08:02.458Z","100","826","828"
"59.11.153.88","elite","AS4766","KR","Korea Telecom","230","Kornet","80","http","74","458","2023-01-15T11:08:02.593Z","94","683","723"
"190.109.75.253","elite","AS264231","BR","RG.COM - INFORMATICA & COMUNICACAO LTDA - ME","189","RG.COM - INFORMATICA & COMUNICACAO LTDA - ME","33633","socks4","71","1","2023-01-15T11:08:02.721Z","99","767","777"
"80.242.34.242","elite","AS44234","SK","GAYA","31","Business services","80","socks4","55","1","2023-01-15T11:08:02.723Z","100","762","762"
"168.227.158.49","elite","AS52898","BR","Multipla Serviços Inteligentes","198","Multipla Serviços Inteligentes","4145","socks4","61","1","2023-01-15T11:08:02.721Z","100","821","822"
"95.165.17.138","elite","AS25513","RU","Moscow Local Telephone Network (OAO MGTS)","54","OAO Mgts)","1080","socks4","41","1","2023-01-15T11:08:02.827Z","98","824","838"
"202.72.209.3","elite","AS23953","ID","PT ARTHA TELEKOMINDO","206","SCBD CustomerNetwork1","44550","socks4","64","1","2023-01-15T11:08:02.390Z","90","672","743"
"113.77.243.96","elite","AS4134","CN","Chinanet","222","Chinanet GD","8118","socks5","43","2","2023-01-15T11:08:02.461Z","41","340","824"
"192.111.130.2","elite","AS46562","CA","Performive LLC","132","Total Server Solutions L.L.C.","4145","socks4","98","1","2023-01-15T11:08:02.494Z","96","693","722"
"87.197.151.162","elite","AS6855","SK","Slovak Telecom AS6855","44","Slovak Telekom, a.s.","4145","socks4","199","1","2023-01-15T11:08:02.250Z","41","340","822"
"103.242.104.244","elite","AS58821","ID","PT Lintas Jaringan Nusantara","173","PT Lintas Jaringan Nusantara","5678","socks4","102","1","2023-01-15T11:08:02.719Z","98","792","805"
"31.44.82.182","elite","AS29226","RU","JSC Mastertel","48","Mastertel","5678","socks4","72","1","2023-01-15T11:08:02.109Z","100","795","797"
"181.78.24.29","elite","AS52468","CO","IFX Networks Argentina S.R.L","162","UFINET COLOMBIA, S. A","5678","socks4","45","1","2023-01-15T11:08:02.110Z","99","788","796"
"51.15.187.125","elite","AS12876","FR","SCALEWAY","1","ONLINE","5836","socks4","105","1","2023-01-15T11:08:02.447Z","100","731","731"
"172.64.207.185","elite","AS13335","US","Cloudflare, Inc.","2","Cloudflare, Inc.","80","socks4","83","1","2023-01-15T11:08:02.214Z","100","731","731"
"81.199.14.17","elite","AS36892","UG","IPTEC Limited","184","Gilat Satcom Ltd.","1088","socks4","76","1","2023-01-15T11:08:01.690Z","96","772","804"
"157.245.140.55","elite","AS14061","US","DigitalOcean, LLC","85","DigitalOcean, LLC","35965","socks5","244","1","2023-01-15T11:08:01.002Z","100","791","792"
"36.36.103.171","elite","AS17962","CN","ShenZhen Topway Video Communication Co. Ltd.","288","Topway","80","socks4","86","1","2023-01-15T11:08:01.065Z","84","633","753"
"109.75.42.82","elite","AS44395","AM","Ucom LLC","63","Ucom LLC","3629","socks4","81","1","2023-01-15T11:08:01.590Z","100","833","837"
"36.75.16.40","elite","AS7713","ID","PT. TELKOM INDONESIA","207","N/A","4153","socks5","63","1","2023-01-15T11:08:01.602Z","87","666","764"
"155.225.2.72","elite","AS53257","US","The Citadel","97","The Citadel","3127","socks4","63","1","2023-01-15T11:08:01.177Z","100","796","798"
"190.109.72.248","elite","AS264231","BR","RG.COM - INFORMATICA & COMUNICACAO LTDA - ME","189","RG.COM - INFORMATICA & COMUNICACAO LTDA - ME","33633","socks4","177","1","2023-01-15T11:08:01.020Z","99","812","823"
"202.141.242.3","elite","AS9260","PK","Multinet Broadband","161","Multinet Broadband","55544","socks4","197","1","2023-01-15T11:08:01.019Z","98","816","835"
"200.10.73.211","elite","AS6147","PE","Telefonica del Peru S.A.A.","191","Telefonica del Peru S.A.A","5678","socks4","37","1","2023-01-15T11:08:01.177Z","96","768","804"
"5.9.149.69","elite","AS24940","DE","Hetzner Online GmbH","16","Hetzner","30000","socks4","71","1","2023-01-15T11:08:01.542Z","100","753","753"
"103.233.154.19","elite","AS17451","ID","BIZNET","193","N/A","4145","socks4","67","1","2023-01-15T11:08:01.642Z","100","835","835"
"103.70.204.209","elite","AS135712","IN","Euron Communications Pvt. Ltd","232","Euron Communications Pvt. Ltd.","59311","socks4","186","1","2023-01-15T11:08:01.019Z","99","831","836"
"177.105.68.62","elite","AS262637","BR","Netprimus Tecnologia Ltda","185","Netprimus Tecnologia Ltda","4153","socks4","72","1","2023-01-15T11:08:01.591Z","100","799","801"
"141.105.107.34","elite","AS200064","ES","Red digital de telecomunicaciones de las Islas Baleares S.L","54","Ibred","5678","socks4","52","1","2023-01-15T11:08:01.601Z","100","742","743"
"98.188.47.150","elite","AS22773","US","Cox Communications Inc.","148","Cox Communications","4145","socks4","98","1","2023-01-15T11:08:01.835Z","85","635","744"
"45.249.101.1","elite","AS135411","BD","Red Grapes Pte Ltd","193","N/A","56457","socks4","61","1","2023-01-15T11:08:01.590Z","100","833","837"
"43.153.176.106","elite","AS132203","JP","Shenzhen Tencent Computer Systems Company Limited","249","Tencent Cloud Computing","443","socks4","49","1","2023-01-15T11:08:01.836Z","80","635","791"
"43.153.52.192","elite","AS132203","US","Shenzhen Tencent Computer Systems Company Limited","148","Tencent Cloud Computing","443","socks4","58","1","2023-01-15T11:08:01.838Z","21","165","794"
"168.227.158.21","elite","AS52898","BR","Multipla Serviços Inteligentes","198","Multipla Serviços Inteligentes","4145","socks4","103","1","2023-01-15T11:08:01.067Z","100","752","755"
"75.119.200.27","elite","AS26347","US","New Dream Network, LLC","151","New Dream Network, LLC","23456","socks4","37","1","2023-01-15T11:08:00.274Z","100","816","816"
"168.227.143.64","elite","AS263735","US","Sociedad Buena Hosting","76","Global Digital DC","10086","socks5","92","1","2023-01-15T11:08:00.707Z","98","781","794"
"114.6.88.238","elite","AS4761","ID","PT. INDOSAT Tbk","213","PT. INDOSAT Tbk","36732","socks4","94","1","2023-01-15T11:08:00.272Z","99","826","838"
"103.59.203.189","elite","AS134014","IN","NET 4 U SERVICES PVT LTD","194","NET 4 U Services PVT LTD","4145","socks4","42","1","2023-01-15T11:08:00.389Z","99","833","838"
"192.12.113.255","elite","AS266144","BR","Rosana Ferreira da Silva Multimidia ME","162","Rosana Ferreira da Silva Multimidia ME","4145","socks4","189","1","2023-01-15T11:08:00.272Z","16","130","794"
"117.241.133.31","elite","AS9829","IN","BSNL Internet","176","N/A","5678","socks4","39","1","2023-01-15T11:08:00.974Z","97","764","791"
"103.53.228.217","elite","AS131427","VN","AOHOAVIET","168","AO HOA Viet Co., ltd","7497","socks5","186","1","2023-01-15T11:08:00.647Z","78","653","838"
"93.171.224.43","elite","AS211570","UA","PE TV and Radio Company Kentavr-TV","54","PE TV and Radio Company Kentavr-TV","4153","socks4","80","1","2023-01-15T11:08:00.748Z","98","826","839"
"103.79.96.194","elite","AS64308","ID","PT IndoDev Niaga Internet","198","PT IndoDev Niaga Internet","4153","socks4","45","1","2023-01-15T11:08:00.388Z","99","823","828"
"189.90.63.122","elite","AS28343","BR","Unifique Telecomunicações SA","205","Unifique Telecomunicações SA","4153","socks4","52","1","2023-01-15T11:08:00.273Z","99","760","764"
"137.110.161.153","elite","AS7377","US","University of California, San Diego","140","University of California, San Diego","80","socks4","128","1","2023-01-15T11:08:00.792Z","100","820","820"
"190.181.23.10","elite","AS26210","BO","AXS Bolivia S. A.","200","AXS Bolivia S. A","4153","socks4","46","1","2023-01-15T11:08:00.671Z","97","812","839"
"117.242.230.203","elite","AS9829","IN","BSNL Internet","172","N/A","5678","socks5","41","13","2023-01-15T11:08:00.911Z","32","253","779"
"110.78.141.219","elite","AS131090","TH","CAT-BB","182","N/A","4145","socks4","174","1","2023-01-15T11:08:00.851Z","79","661","838"
"212.69.12.137","elite","AS52116","RS","Orion Telekom Tim d.o.o.Beograd","40","Orion Telekom Tim d.o.o.Beograd","1080","socks4","146","1","2023-01-15T11:08:00.669Z","100","798","798"
"117.65.87.105","elite","AS4134","CN","Chinanet","185","Chinanet AH","38801","socks4","68","1","2023-01-15T11:07:59.891Z","94","727","775"
"148.251.3.169","elite","AS24940","DE","Hetzner Online GmbH","16","Hetzner","30046","socks5","230","1","2023-01-15T11:07:59.047Z","100","803","803"
"77.37.142.203","elite","AS42610","RU","NCNET","47","N/A","53281","socks5","99","1","2023-01-15T11:07:59.155Z","95","743","779"
"186.251.255.93","elite","AS267513","BR","Seanet Telecom Carazinho Eireli","215","Seanet Telecom Carazinho Eireli","31337","socks4","121","1","2023-01-15T11:07:59.817Z","100","818","822"
"165.22.60.129","elite","AS14061","SG","DigitalOcean, LLC","155","DigitalOcean, LLC","41946","http","73","801","2023-01-15T11:07:59.942Z","100","718","720"
"186.224.225.26","elite","AS53171","BR","Path Telecom S.A.","225","Path Telecom S.A","42648","socks4","186","1","2023-01-15T11:07:59.929Z","99","829","835"
"45.7.177.206","elite","AS266626","BR","Litoral Telecom","196","Litoral Telecom","39867","socks4","57","1","2023-01-15T11:07:59.154Z","99","793","803"
"23.225.14.198","elite","AS40065","US","Cnservers LLC","145","CloudRadium L.L.C","59774","socks5","112","1","2023-01-15T11:07:59.205Z","90","741","824"
"103.113.12.90","elite","AS137554","BD","Dewan Riazul Islam","225","N/A","4673","socks4","60","1","2023-01-15T11:07:59.312Z","96","690","719"
"180.235.65.13","elite","AS4811","CN","China Telecom (Group)","189","Shanghai Xinjue Information and Technology Co.","80","http","61","457","2023-01-15T11:07:59.894Z","99","735","744"
"176.103.51.24","elite","AS48031","UA","PE Ivanov Vitaliy Sergeevich","53","XServer UA","30421","socks5","101","1","2023-01-15T11:07:59.152Z","75","628","838"
"43.132.158.215","elite","AS132203","HK","Shenzhen Tencent Computer Systems Company Limited","239","Tencent Cloud Computing","1080","socks5","84","1","2023-01-15T11:07:59.154Z","100","836","837"
"84.241.22.125","elite","AS31549","IR","SHATEL Network","121","Shatel Group","4145","socks5","175","1","2023-01-15T11:07:59.110Z","99","767","773"
"103.214.112.138","elite","AS136052","ID","PT Cloud Hosting Indonesia","253","PT Denbe Anugerah Solusindo","32323","socks5","46","1","2023-01-15T11:07:59.332Z","99","706","716"
"159.89.173.98","elite","AS14061","IN","DigitalOcean, LLC","154","DigitalOcean, LLC","60301","socks5","106","1","2023-01-15T11:07:59.639Z","52","417","799"
"202.131.159.58","elite","AS17443","IN","Karuturi Telecom Pvt Ltd","127","Ibus Virtual Network Services Private Limited","5678","socks4","141","1","2023-01-15T11:07:58.221Z","99","737","742"
"183.88.240.53","elite","AS45629","TH","Triple T Broadband Public Company Limited","202","Triple T Broadband Public Company Limited","4145","socks4","498","1","2023-01-15T11:07:58.319Z","56","468","832"
"43.134.169.115","elite","AS132203","SG","Aceville Pte.ltd","329","N/A","443","socks4","195","1","2023-01-15T11:07:58.406Z","92","727","794"
"103.83.232.122","elite","AS136215","BD","Mohammad Masfiequr Rahaman & Rony Saha T/A SB NETWORK","198","N/A","80","http","195","497","2023-01-15T11:07:58.019Z","99","717","723"
"83.234.76.155","elite","AS20485","RU","TRANS-TELECOM","43","N/A","4145","socks4","37","1","2023-01-15T11:07:58.586Z","100","837","837"
"190.56.14.34","anonymous","AS14754","GT","Telgua","143","Telgua","8080","http","538","3165","2023-01-15T11:07:58.947Z","98","819","837"
"103.30.0.5","elite","AS131778","ID","PT. Dian Nuswantoro Teknologi","221","N/A","4145","socks4","726","1","2023-01-15T11:07:58.165Z","100","799","800"
"1.4.198.152","elite","AS23969","TH","TOT Public Company Limited","165","TOT Public Company Limited","4145","socks4","208","1","2023-01-15T11:07:58.409Z","86","697","808"
"177.105.68.239","elite","AS262637","BR","Netprimus Tecnologia Ltda","188","Netprimus Tecnologia Ltda","4153","socks4","160","1","2023-01-15T11:07:58.459Z","100","818","822"
"118.70.12.171","elite","AS18403","VN","FPT Telecom Company","198","Vietnam Internet Network Information Center","53281","http","147","452","2023-01-15T11:07:58.943Z","100","719","720"
"81.12.169.254","elite","AS12302","RO","Vodafone RO","52","Vodafone Romania S.A.","4153","socks4","719","1","2023-01-15T11:07:58.257Z","97","810","839"
"188.255.244.65","elite","AS52116","RS","Orion Telekom ISP IP Network in Subotica","36","Orion Telekom Tim d.o.o.Beograd","1080","socks4","224","1","2023-01-15T11:07:58.409Z","100","834","834"
"117.242.230.145","elite","AS9829","IN","BSNL Internet","166","N/A","5678","socks5","327","1","2023-01-15T11:07:58.401Z","40","307","776"
"80.155.35.142","elite","AS3320","DE","Deutsche Telekom AG","19","MVZ Labor Moebius","30001","socks5","155","1","2023-01-15T11:07:58.429Z","100","748","750"
"103.85.103.41","elite","AS135788","IN","Vedant Broadband","194","N/A","5678","socks4","310","1","2023-01-15T11:07:58.404Z","99","820","825"
"109.238.208.130","elite","AS48574","CZ","Planet A, a.s.","24","Planet A","4153","socks4","517","1","2023-01-15T11:07:58.318Z","100","832","836"
"185.171.55.162","elite","AS44285","IR","Shahrad Network","105","N/A","4153","socks4","664","1","2023-01-15T11:07:58.262Z","98","820","837"
"103.221.253.242","elite","AS135524","BD","Dhaka University","210","university of dhaka","45446","socks4","197","1","2023-01-15T11:07:58.409Z","94","788","838"
"180.183.1.145","elite","AS45629","TH","Triple T Broadband Public Company Limited","165","Triple T Broadband Public Company Limited","4153","socks4","173","1","2023-01-15T11:07:58.414Z","100","749","749"
"180.183.1.188","elite","AS45629","TH","Triple T Broadband Public Company Limited","151","Triple T Broadband Public Company Limited","4145","socks4","180","1","2023-01-15T11:07:58.413Z","93","671","720"
"91.226.240.58","elite","AS203877","RS","Astra Telekom DOO Beograd","38","Astra Telekom DOO Beograd","6666","socks4","256","1","2023-01-15T11:07:58.991Z","100","716","717"
"103.116.174.125","elite","AS137363","ID","HIGEN","173","N/A","5678","socks4","496","1","2023-01-15T11:07:57.092Z","99","832","838"
"8.219.11.125","elite","AS45102","SG","Alibaba (US) Technology Co., Ltd.","308","Alibaba.com Singapore E-Commerce Private Limited","443","socks5","573","1","2023-01-15T11:07:57.629Z","21","167","796"
"186.251.255.21","elite","AS267513","BR","Seanet Telecom Carazinho Eireli","215","Seanet Telecom Carazinho Eireli","31337","socks4","545","4","2023-01-15T11:07:57.264Z","100","837","839"
"94.23.149.39","elite","AS16276","FR","OVH ISP","5","OVH BV","8444","socks5","235","1","2023-01-15T11:07:57.113Z","97","773","801"
"94.16.15.100","anonymous","AS42473","AT","ANEXIA Internetdienstleistungs GmbH","32","ANX","3128","http","388","515","2023-01-15T11:07:57.093Z","100","743","743"
"43.134.225.110","elite","AS132203","SG","Aceville Pte.ltd","326","N/A","443","socks5","478","1","2023-01-15T11:07:57.093Z","75","595","790"
"78.140.195.66","elite","AS35000","RU","Prometey LLC","42","N/A","3629","socks4","555","1","2023-01-15T11:07:57.630Z","98","824","838"
"200.70.19.93","elite","AS10834","AR","Telefonica de Argentina","219","Telefonica de Argentina","4153","socks4","236","1","2023-01-15T11:07:57.553Z","98","749","765"
"69.163.164.68","elite","AS26347","US","New Dream Network, LLC","151","New Dream Network, LLC","49538","socks4","660","1","2023-01-15T11:07:57.867Z","100","839","839"
"189.195.176.99","elite","AS13999","MX","Mega Cable, S.A. de C.V.","169","Mega Cable, S.A. de C.V","5678","socks4","618","1","2023-01-15T11:07:57.869Z","97","812","839"
"72.210.208.101","elite","AS22773","US","Cox Communications Inc.","148","Cox Communications","4145","socks5","287","1","2023-01-15T11:07:57.371Z","86","642","744"
"195.209.188.101","elite","AS49505","RU","OOO \"Network of data-centers \"Selectel\"","41","Qwarta LLC","58543","socks4","115","1","2023-01-15T11:07:57.171Z","100","798","798"
"66.33.210.29","elite","AS26347","US","New Dream Network, LLC","83","New Dream Network, LLC","17567","socks5","539","1","2023-01-15T11:07:57.265Z","100","821","822"
"121.66.105.19","elite","AS3786","KR","LG DACOM Corporation","273","LG Uplus","51080","socks4","582","1","2023-01-15T11:07:57.629Z","100","731","732"
"188.94.225.45","elite","AS196798","RU","Mifril+ LLC","52","NLT Sub90","8080","socks4","554","1","2023-01-15T11:07:57.422Z","100","782","782"
"203.76.121.237","elite","AS23688","BD","Link3 Technologies Limited","212","Corporate Subscriber","4145","socks4","234","1","2023-01-15T11:07:56.610Z","95","793","833"
"210.2.149.91","elite","AS23966","PK","LINKdotNET Telecom Limited","156","Dancom ISB","5678","socks4","708","1","2023-01-15T11:07:56.264Z","99","769","778"
"167.71.199.211","elite","AS14061","SG","DigitalOcean, LLC","156","DigitalOcean, LLC","34305","http","640","580","2023-01-15T11:07:56.583Z","99","717","721"
"171.35.172.147","elite","AS4837","CN","China Unicom Jiangxi Province Network","188","N/A","9999","socks4","346","1","2023-01-15T11:07:56.569Z","82","589","719"
"104.18.103.125","elite","AS13335","CA","Cloudflare, Inc.","1","Cloudflare, Inc.","80","socks4","83","1","2023-01-15T11:07:56.505Z","100","758","758"
"113.99.188.254","elite","AS4134","CN","Chinanet","225","Chinanet GD","4153","socks4","693","1","2023-01-15T11:07:56.492Z","62","512","822"
"176.214.97.13","anonymous","AS21353","RU","Enforta-MSK","66","N/A","8081","https","334","135","2023-01-15T11:07:56.555Z","100","839","839"
"59.58.120.122","elite","AS4134","CN","Chinanet","193","Chinanet FJ","7302","socks5","651","1","2023-01-15T11:07:56.098Z","97","815","837"
"65.108.88.4","anonymous","AS24940","FI","Hetzner Online GmbH","38","Hetzner Online GmbH","3128","http","233","151","2023-01-15T11:07:56.597Z","100","720","722"
"139.59.231.1","elite","AS14061","SG","DIGITALOCEAN","157","DigitalOcean, LLC","28536","socks5","592","1","2023-01-15T11:07:56.099Z","100","764","765"
"197.234.13.27","elite","AS36902","SC","Intelvision","179","Intelvision Ltd","4145","socks4","289","1","2023-01-15T11:07:56.762Z","99","731","736"
"75.119.206.112","elite","AS26347","US","New Dream Network, LLC","151","New Dream Network, LLC","32524","socks5","513","1","2023-01-15T11:07:56.415Z","100","820","820"
"66.42.52.194","elite","AS20473","SG","The Constant Company, LLC","187","Choopa, LLC","49163","socks4","564","1","2023-01-15T11:07:56.095Z","99","788","795"
"207.180.218.96","elite","AS51167","DE","Contabo GmbH","18","Contabo GmbH","80","http","710","123","2023-01-15T11:07:56.437Z","100","786","787"
"198.251.89.198","elite","AS53667","LU","FranTech Solutions","24","FranTech Solutions","51675","socks5","728","1","2023-01-15T11:07:56.321Z","100","720","720"
"185.25.119.15","elite","AS200000","UA","Hosting Ukraine LTD","44","new Hosting","13959","socks5","687","1","2023-01-15T11:07:56.318Z","84","639","760"
"103.117.108.89","elite","AS137935","BD","I Link Internet Service (I.T)","195","I Link Internet Service (I.T)","4153","socks4","301","1","2023-01-15T11:07:56.762Z","97","759","781"
"70.186.128.126","anonymous","AS22773","US","Cox Communications Inc.","121","Allegiance Communications, LLC","8080","http","378","278","2023-01-15T11:07:56.763Z","99","712","719"
"92.51.78.66","elite","AS44327","GE","T-net Network","74","N/A","4153","socks4","215","1","2023-01-15T11:07:56.612Z","98","820","838"
"203.13.32.236","elite","AS209242","CY","Cloudflare London, LLC","2","Lachtaristo Holdings Limited","80","socks4","216","1","2023-01-15T11:07:56.430Z","100","732","732"
"104.168.234.148","elite","AS54290","US","Hostwinds LLC.","137","Hostwinds LLC","3128","socks4","79","1","2023-01-15T11:07:56.763Z","75","597","793"
"50.47.75.216","elite","AS20055","US","Wholesail networks LLC","147","Ziply Fiber","5678","socks4","224","1","2023-01-15T11:07:56.611Z","100","798","798"
"198.199.76.62","elite","AS14061","US","DigitalOcean, LLC","81","Digital Ocean","40073","socks5","529","1","2023-01-15T11:07:55.626Z","100","750","752"
"212.83.137.150","elite","AS12876","FR","Online S.A.S.","2","ONLINE","41606","socks4","422","1","2023-01-15T11:07:55.071Z","100","759","759"
"202.21.115.94","elite","AS9484","MN","Mobinet LLC","125","N/A","44574","socks4","233","1","2023-01-15T11:07:55.608Z","100","820","821"
"62.201.212.198","elite","AS44217","IQ","NETWORKS-SULY1","78","N/A","4673","socks4","443","1","2023-01-15T11:07:55.417Z","99","830","840"
"185.25.119.98","elite","AS200000","UA","Hosting Ukraine LTD","41","new Hosting","43725","socks5","570","1","2023-01-15T11:07:55.625Z","100","781","781"
"185.189.186.19","elite","AS59497","UA","buknet","49","N/A","1080","socks4","252","1","2023-01-15T11:07:55.607Z","86","623","722"
"103.14.20.225","elite","AS131717","ID","PT Citra Jelajah Informatika","185","Sony Sugema College","5678","socks4","367","1","2023-01-15T11:07:55.606Z","99","810","821"
"177.131.29.214","elite","AS262378","BR","Compuservice Empreendimentos Ltda","193","Compuservice Empreendimentos Ltda","4153","socks4","57","1","2023-01-15T11:07:55.611Z","99","712","720"
"139.59.128.40","elite","AS14061","DE","DIGITALOCEAN","23","DigitalOcean, LLC","2016","socks5","104","1","2023-01-15T11:07:55.609Z","100","825","825"
"51.83.116.4","elite","AS16276","FR","OVH SAS","5","OVH","17105","socks4","410","1","2023-01-15T11:07:55.071Z","100","749","749"
"201.140.238.231","elite","AS266148","BR","Mais Fibra Telecomunicacao Ltda","189","Mais Fibra Telecomunicacao Ltda","5678","socks4","419","1","2023-01-15T11:07:55.256Z","99","829","838"
"221.143.248.55","elite","AS9318","KR","SK Broadband Co Ltd","247","SK Broadband Co Ltd","3128","socks5","554","1","2023-01-15T11:07:55.623Z","100","796","798"
"197.251.236.227","elite","AS29614","GH","Vodafone Ghana AS International Transit","134","ADSL FBB static IP","5678","socks4","735","1","2023-01-15T11:07:54.407Z","100","783","785"
"14.142.20.134","elite","AS4755","IN","Tata Communications Limited","223","Tata Communications Limited","4145","socks4","424","1","2023-01-15T11:07:54.563Z","100","837","839"
"191.6.133.23","elite","AS263305","BR","NET.COM TELECOMUNICACOES EIRELI","174","RCS TELECOMUNICACOES LTDA","4145","socks4","727","1","2023-01-15T11:07:54.407Z","97","813","838"
"103.107.94.2","elite","AS135683","IN","Netncr Technology Pvt Ltd","142","Netncr Technology Pvt Ltd","44578","socks4","363","1","2023-01-15T11:07:54.910Z","100","778","779"
"89.252.12.123","elite","AS31148","UA","FREENET","36","N/A","5678","socks4","864","1","2023-01-15T11:07:54.233Z","75","606","805"
"103.105.40.129","elite","AS137143","IN","Minnal Digital Network Private Limited","162","Minnal Digital Network Private Limited","4145","socks4","383","1","2023-01-15T11:07:54.907Z","100","822","825"
"115.85.86.114","elite","AS23953","ID","Sudirman Central Business District","193","N/A","5678","socks4","463","1","2023-01-15T11:07:54.410Z","98","751","764"
"200.106.216.66","elite","AS271250","BR","TOP INFORMATICA TELECON LTDA","195","TOP INFORMATICA TELECON LTDA","63253","socks4","396","1","2023-01-15T11:07:54.735Z","97","811","834"
"196.43.97.114","elite","AS37183","ZW","AfOL-Zw","196","N/A","5678","socks4","681","1","2023-01-15T11:07:54.409Z","99","828","839"
"103.205.128.33","elite","AS134850","IN","WAY 2 INTERNET PRIVATE LIMITED","112","WAY 2 Internet Private Limited","4303","socks4","321","1","2023-01-15T11:07:54.914Z","100","803","803"
"119.28.223.220","elite","AS132203","HK","ComsenzNet","244","Tencent cloud computing (Beijing) Co., Ltd.","5566","http","815","663","2023-01-15T11:07:54.907Z","100","723","723"
"45.64.99.145","elite","AS58477","ID","ARGON","224","N/A","4145","socks4","411","1","2023-01-15T11:07:54.735Z","97","805","833"
"58.215.218.170","elite","AS4134","CN","Chinanet","206","Chinanet JS","10800","socks4","894","1","2023-01-15T11:07:54.231Z","97","811","839"
"173.236.179.25","elite","AS26347","US","New Dream Network, LLC","83","New Dream Network, LLC","59540","socks5","767","1","2023-01-15T11:07:54.405Z","100","797","798"
"188.255.244.49","elite","AS52116","RS","Orion Telekom ISP IP Network in Subotica","36","Orion Telekom Tim d.o.o.Beograd","1080","socks4","419","1","2023-01-15T11:07:54.735Z","100","754","754"
"103.76.190.209","elite","AS135758","IN","Alacriy Net System Service Private Limited","165","Alacriy Net System Service Private Limited","4153","socks4","748","1","2023-01-15T11:07:54.407Z","99","798","803"
"186.211.110.178","elite","AS53062","BR","Ggnet Telecom Backbone","237","Ggnet Telecom Backbone","32346","socks4","354","1","2023-01-15T11:07:54.913Z","95","771","813"
"203.115.123.163","elite","AS17426","IN","PRIMENET","192","Primenet Global Ltd.","9999","socks4","452","1","2023-01-15T11:07:54.906Z","99","834","839"
"181.143.204.98","elite","AS13489","CO","EPM Telecomunicaciones S.A. E.S.P.","148","EPM Telecomunicaciones S.A. E.S.P","5678","socks4","361","1","2023-01-15T11:07:54.574Z","100","836","840"
"217.117.138.150","elite","AS16290","PL","Tarnowski Osrodek Informacyjny Aleksander Rajski","42","Tarnowski Osrodek Informacyjny","3629","socks4","310","1","2023-01-15T11:07:54.413Z","100","837","839"
"212.50.53.130","elite","AS29286","TR","Skylogic S.P.A.","706","Eser Telekomunikasyon A.S.","5678","socks4","484","1","2023-01-15T11:07:54.410Z","85","682","801"
"195.239.7.182","elite","AS3216","RU","PJSC \"Vimpelcom\"","74","SoVaMTeLePoRT P2P","29895","socks5","431","2","2023-01-15T11:07:54.734Z","39","322","825"
"217.70.28.188","elite","AS29319","RU","Informational-measuring systems","45","Informational-measuring systems Ltd.","8080","http","1059","383","2023-01-15T11:07:54.409Z","100","718","721"
"98.162.96.53","elite","AS22773","US","Cox Communications Inc.","152","Cox Communications","10663","socks5","90","1","2023-01-15T11:07:54.909Z","90","666","744"
"186.251.255.105","elite","AS267513","BR","Seanet Telecom Carazinho Eireli","215","Seanet Telecom Carazinho Eireli","31337","socks4","883","1","2023-01-15T11:07:54.232Z","100","826","826"
"80.90.83.191","elite","AS35444","AL","DIGICOM","51","N/A","5678","socks4","474","1","2023-01-15T11:07:54.562Z","100","807","807"
"191.7.208.101","elite","AS263327","BR","HTM Serviços de Telecomunicações EIRELI","164","HTM SERVICOS DE TELECOMUNICACOES LTDA","31576","socks4","410","1","2023-01-15T11:07:54.611Z","99","832","839"
"195.158.223.130","elite","AS43201","UA","Telematika LLC","87","Torgovyi dom Mashinostroitelnye zavody LLC","4153","socks4","501","1","2023-01-15T11:07:54.409Z","99","830","839"
"180.180.124.248","elite","AS23969","TH","TOT Public Company Limited","162","TOT Public Company Limited","49992","socks4","371","1","2023-01-15T11:07:54.907Z","100","833","837"
"70.60.230.33","elite","AS11426","US","Spectrum","102","Fastlink Communications Inc","32940","socks4","755","1","2023-01-15T11:07:54.406Z","100","837","838"
"216.107.129.135","elite","AS61317","US","Colocation America Corporation","96","Ipxo LLC","10180","socks5","36","1","2023-01-15T11:07:53.731Z","100","764","764"
"146.190.232.76","anonymous","AS14061","NL","DigitalOcean, LLC","18","DigitalOcean, LLC","3128","http","462","209","2023-01-15T11:07:53.512Z","100","721","721"
"142.44.241.192","elite","AS16276","CA","OVH SAS","85","OVH Hosting, Inc.","7497","socks5","376","1","2023-01-15T11:07:53.570Z","100","781","782"
"115.164.146.18","elite","AS4818","MY","DiGi Telecommunications Sdn Bhd., Digi Internet Exchange","193","DiGi Telecommunications Sdn Bhd","13629","socks4","1126","1","2023-01-15T11:07:53.402Z","99","834","839"
"149.20.253.217","elite","AS18615","US","Mainstream Fiber Networks, LLC","99","Mainstream Fiber Networks, LLC","12551","socks4","337","1","2023-01-15T11:07:53.608Z","100","814","815"
"103.88.135.76","elite","AS134942","IN","Ashok Secure Broadband Network Pvt Ltd","183","Ashok Secure Broadband Network Pvt Ltd","5678","socks4","1108","1","2023-01-15T11:07:53.728Z","98","820","837"
"114.242.125.237","elite","AS4808","CN","China Unicom Beijing province network","289","N/A","1080","socks5","357","1","2023-01-15T11:07:53.819Z","95","751","791"
"109.195.187.178","elite","AS52207","RU","CJSC \"ER-Telecom Holding\" Tula branch","65","JSC \"ER-Telecom Holding\" Tula Branch","9150","socks5","1146","1","2023-01-15T11:07:53.401Z","100","835","838"
"109.73.181.133","elite","AS49924","IT","ECROM-MAIN","67","N/A","4145","socks4","453","1","2023-01-15T11:07:53.411Z","66","546","822"
"50.63.13.228","elite","AS398101","US","GoDaddy.com, LLC","133","GoDaddy.com, LLC","11213","socks4","464","1","2023-01-15T11:07:53.006Z","100","765","766"
"167.179.45.56","elite","AS9902","KH","NeocomISP Limited","212","NeocomISP Limited","4153","socks4","961","1","2023-01-15T11:07:53.918Z","95","796","838"
"51.159.163.198","elite","AS12876","FR","SCALEWAY","2","ONLINE","88","socks4","391","1","2023-01-15T11:07:53.505Z","100","739","739"
"177.105.68.171","elite","AS262637","BR","Netprimus Tecnologia Ltda","195","Netprimus Tecnologia Ltda","4153","socks4","1100","1","2023-01-15T11:07:53.729Z","100","772","773"
"45.15.170.94","elite","AS35913","US","DediPath","138","DediPath","32768","socks4","74","1","2023-01-15T11:07:53.732Z","95","716","750"
"181.111.175.236","elite","AS7303","AR","Telecom Argentina S.A","265","Providers S.A","8291","socks4","991","1","2023-01-15T11:07:53.557Z","97","796","824"
"110.78.151.165","elite","AS131090","TH","CAT-BB","214","N/A","4145","socks4","346","1","2023-01-15T11:07:53.733Z","76","601","790"
"199.195.249.15","elite","AS53667","US","FranTech Solutions","73","FranTech Solutions","30085","socks4","139","1","2023-01-15T11:07:53.730Z","100","796","798"
"203.32.120.50","elite","AS209242","VG","Cloudflare London, LLC","2","Anaga Consulting Limited","80","socks4","429","1","2023-01-15T11:07:53.408Z","100","821","821"
"114.246.180.148","elite","AS4808","CN","China Unicom Beijing province network","280","N/A","1080","socks5","1012","1","2023-01-15T11:07:53.915Z","96","775","806"
"95.179.193.202","elite","AS20473","GB","The Constant Company","8","Vultr Holdings LLC London","6689","socks4","1125","1","2023-01-15T11:07:53.727Z","88","667","761"
"67.197.244.98","elite","AS14615","US","Comporium, Inc","107","Comporium, Inc","17557","socks4","1156","1","2023-01-15T11:07:53.400Z","99","757","761"
"134.209.105.160","elite","AS14061","SG","DigitalOcean, LLC","157","DigitalOcean, LLC","59643","socks4","719","1","2023-01-15T11:07:52.511Z","99","759","766"
"85.29.144.114","elite","AS21299","KZ","2DAY Telecom LLP","100","N/A","5678","socks4","896","1","2023-01-15T11:07:52.623Z","30","248","839"
"44.190.8.124","elite","AS133217","AU","AFOYI","225","Amateur Radio Digital Communications","8100","socks4","803","1","2023-01-15T11:07:52.644Z","100","738","739"
"180.211.158.90","elite","AS45588","BD","Bangladesh Telecommunications Company Ltd.","203","N/A","5678","socks4","1015","1","2023-01-15T11:07:52.096Z","92","773","838"
"203.24.109.230","elite","AS209242","BZ","Cloudflare London","1","Umpire Associates LTD","80","socks4","743","1","2023-01-15T11:07:52.507Z","100","826","826"
"94.26.108.67","elite","AS204281","BG","NetX","58","N/A","2580","socks4","463","1","2023-01-15T11:07:52.767Z","69","557","807"
"193.29.63.45","elite","AS63473","US","HostHatch LLC","96","HostHatch LLC","57299","socks4","904","1","2023-01-15T11:07:52.287Z","100","833","834"
"45.70.237.139","elite","AS264668","EC","Nedetel S.A.","164","Nedetel S.A","4145","socks4","1014","1","2023-01-15T11:07:52.997Z","99","824","829"
"31.223.22.21","elite","AS12735","TR","TurkNet Iletisim Hizmetleri A.S.","69","TurkNet Iletisim Hizmetleri","1080","socks4","509","1","2023-01-15T11:07:52.641Z","100","832","835"
"45.196.151.73","elite","AS7018","US","AT&T Services","108","AQUA Networks Limited","5432","socks4","794","1","2023-01-15T11:07:52.510Z","98","749","768"
"138.118.200.182","anonymous","AS270073","VE","Iguana Network Services C.A.","158","Iguana Network Services C.A","999","http","919","562","2023-01-15T11:07:52.339Z","98","709","721"
"201.11.38.204","elite","AS8167","BR","V tal","204","Brasil Telecom Comunicacao Multimidia S.A","8081","socks4","874","1","2023-01-15T11:07:52.354Z","100","793","794"
"104.17.37.235","elite","AS13335","CA","Cloudflare, Inc.","2","Cloudflare, Inc.","80","socks4","1047","1","2023-01-15T11:07:52.283Z","100","831","831"
"37.34.72.132","elite","AS198399","IT","FASTCON","30","N/A","4145","socks4","442","1","2023-01-15T11:07:52.646Z","82","626","762"
"177.38.5.19","elite","AS52964","BR","FÁBIO MENDES DIAS LTDA ME","256","FÁBIO MENDES DIAS LTDA ME","4153","socks4","856","1","2023-01-15T11:07:52.509Z","93","767","822"
"184.178.172.11","elite","AS22773","US","Cox Communications Inc.","147","Cox Communications Inc.","4145","socks5","919","1","2023-01-15T11:07:52.113Z","100","723","724"
"181.209.106.188","elite","AS52361","AR","ARSAT - Empresa Argentina de Soluciones Satelitales S.A","235","AYD.com S.R.L","1080","socks4","1092","1","2023-01-15T11:07:52.119Z","99","833","839"
"158.101.1.100","elite","AS31898","US","Oracle Corporation","136","Oracle Cloud Infrastructure (us-phoenix-1)","42171","socks5","1023","1","2023-01-15T11:07:52.996Z","96","708","734"
"110.78.182.221","elite","AS131090","TH","CAT-BB","192","N/A","4145","socks4","452","1","2023-01-15T11:07:52.770Z","95","717","755"
"37.26.86.206","elite","AS198279","AL","ATU","39","N/A","4145","socks4","938","1","2023-01-15T11:07:52.619Z","100","781","782"
"81.12.124.38","elite","AS42337","IR","Respina Networks & Beyond PJSC","122","Respina Networks","4145","socks4","382","1","2023-01-15T11:07:52.858Z","94","678","723"
"177.85.205.173","elite","AS52554","BR","S. A. da Silva Junior","180","S. A. da Silva Junior","3629","socks4","967","1","2023-01-15T11:07:52.998Z","100","815","816"
"202.159.35.201","elite","AS9340","ID","PT IndoInternet","173","N/A","443","socks4","956","1","2023-01-15T11:07:52.999Z","100","825","827"
"217.198.181.50","elite","AS48031","UA","PE Ivanov Vitaliy Sergeevich","50","Proline IT Ltd","49582","socks4","473","2","2023-01-15T11:07:52.862Z","99","779","783"
"217.115.213.186","elite","AS9050","RO","Orange Romania Communication S.A","45","Orange Romania Communications","4145","socks4","1073","1","2023-01-15T11:07:52.125Z","100","764","765"
"159.203.61.169","elite","AS14061","CA","DigitalOcean, LLC","93","Digital Ocean","8080","http","994","417","2023-01-15T11:07:52.623Z","100","838","838"
"168.227.158.81","elite","AS52898","BR","Multipla Serviços Inteligentes","198","Multipla Serviços Inteligentes","4145","socks4","904","1","2023-01-15T11:07:52.622Z","100","837","838"
"103.47.93.216","elite","AS134058","IN","Broban Internet Services Pvt.ltd","222","Broban  PVT Ltd.","1080","socks4","913","1","2023-01-15T11:07:52.622Z","100","819","822"
"200.41.60.33","elite","AS3549","AR","Level 3 Communications, Inc.","226","Internet Services S.A","4153","socks4","472","1","2023-01-15T11:07:52.859Z","99","832","839"
"149.20.253.103","elite","AS18615","US","Mainstream Fiber Networks, LLC","99","Mainstream Fiber Networks, LLC","12551","socks4","1117","1","2023-01-15T11:07:51.911Z","100","798","799"
"8.219.102.57","elite","AS45102","SG","Alibaba (US) Technology Co., Ltd.","320","Alibaba.com Singapore E-Commerce Private Limited","443","socks5","1090","1","2023-01-15T11:07:51.628Z","82","659","808"
"103.245.164.79","anonymous","AS56309","TH","Siamdata Communication Co.","176","Siamdata (Lao) Co., Ltd","3128","https","997","375","2023-01-15T11:07:51.629Z","99","772","780"
"212.83.143.151","elite","AS12876","FR","Online S.A.S.","1","ONLINE","43756","socks5","945","1","2023-01-15T11:07:51.894Z","100","835","837"
"149.20.253.66","elite","AS18615","US","Mainstream Fiber Networks, LLC","99","Mainstream Fiber Networks, LLC","12551","socks4","1031","1","2023-01-15T11:07:51.346Z","100","777","780"
"202.152.143.64","anonymous","AS23951","ID","PT Jembatan Citra Nusantara","219","N/A","3128","http","908","306","2023-01-15T11:07:51.349Z","100","835","838"
"103.192.76.36","elite","AS55915","NP","Classic Tech Pvt. Ltd.","170","Classic Support Pvt. Ltd","5678","socks4","671","1","2023-01-15T11:07:51.608Z","80","669","833"
"182.23.108.164","elite","AS4800","ID","PT Aplikanusa Lintasarta","205","N/A","4153","socks4","527","1","2023-01-15T11:07:51.326Z","97","793","814"
"103.211.8.189","elite","AS135691","IN","Cloudlasers Broadband","133","N/A","44581","socks4","1004","1","2023-01-15T11:07:51.347Z","100","806","807"
"179.56.238.64","elite","AS14117","CL","Telefonica del Sur S.A.","222","Telefonica del Sur S.A","999","socks4","994","1","2023-01-15T11:07:51.349Z","100","755","756"
"165.227.66.216","elite","AS14061","US","DigitalOcean, LLC","80","Digital Ocean","33636","socks4","1041","1","2023-01-15T11:07:51.345Z","100","740","740"
"103.94.133.93","elite","AS136128","ID","PT CITRA AKSES INDONUSA","185","PT CITRA AKSES INDONUSA","4153","socks4","537","1","2023-01-15T11:07:51.325Z","99","828","836"
"210.61.216.66","elite","AS3462","TW","Chunghwa Telecom Co., Ltd.","216","Chunghwa Telecom Co. Ltd.","33990","socks4","119","1","2023-01-15T11:07:50.534Z","100","837","837"
"105.213.95.78","elite","AS16637","ZA","MTN SA","187","MTN SA","5678","socks4","972","1","2023-01-15T11:07:50.041Z","96","805","836"
"106.3.142.85","elite","AS23724","CN","IDC, China Telecommunications Corporation","224","Beijing capitalonline data service co., LTD","4153","socks4","888","1","2023-01-15T11:07:50.994Z","98","820","838"
"159.138.54.27","elite","AS136907","HK","Huawei International Pte. Ltd.","248","N/A","24388","socks5","972","1","2023-01-15T11:07:50.988Z","100","778","780"
"201.159.103.97","elite","AS28539","MX","Creatividad Internet Enlaces, S.A. de C.V.","177","Creatividad Internet Enlaces, S.A. de C.V","31337","socks4","391","1","2023-01-15T11:07:50.285Z","96","792","828"
"66.33.210.111","elite","AS26347","US","New Dream Network, LLC","83","New Dream Network, LLC","17567","socks5","866","1","2023-01-15T11:07:50.281Z","100","822","822"
"190.103.29.101","elite","AS264628","VE","CORPORACION FIBEX TELECOM, C.A.","158","CORPORACION FIBEX TELECOM, C.A","4145","socks4","380","1","2023-01-15T11:07:50.286Z","100","835","839"
"191.102.82.83","elite","AS262186","CO","TV AZTECA SUCURSAL COLOMBIA","156","TV AZTECA SUCURSAL COLOMBIA","4153","socks4","898","1","2023-01-15T11:07:50.276Z","99","828","838"
"157.90.221.147","anonymous","AS24940","DE","Hetzner Online GmbH","16","N/A","3128","http","660","2320","2023-01-15T11:07:50.051Z","98","709","722"
"38.127.179.194","elite","AS174","US","Cogent Communications","79","Torlandia Trading SRL","11537","socks4","948","1","2023-01-15T11:07:50.991Z","100","768","770"
"186.97.144.98","elite","AS27831","CO","Colombia Móvil","144","Colombia Móvil","5678","socks4","636","1","2023-01-15T11:07:50.284Z","100","768","770"
"154.79.249.72","elite","AS36926","KE","Airtel KE Mobile & Fixed Internet","180","N/A","5678","socks4","955","1","2023-01-15T11:07:50.986Z","60","501","838"
"187.85.154.18","elite","AS53062","BR","Ggnet Telecom Backbone","208","Ggnet Telecom Backbone","5678","socks4","196","1","2023-01-15T11:07:50.287Z","99","764","771"
"119.82.226.232","elite","AS24213","ID","PT. Arsen Kusuma Indonesia","213","N/A","7497","socks5","228","1","2023-01-15T11:07:50.287Z","99","829","840"
"103.1.93.184","elite","AS55915","NP","Classic Tech Pvt. Ltd","172","ClassicTech","55443","http","987","621","2023-01-15T11:07:50.041Z","98","713","730"
"62.33.136.222","anonymous","AS20485","RU","Joint Stock Company TransTeleCom","55","Andreeva","8080","http","1027","504","2023-01-15T11:07:50.282Z","98","713","724"
"105.213.99.114","elite","AS16637","ZA","MTN SA","188","MTN SA","5678","socks4","1042","6","2023-01-15T11:07:50.039Z","97","750","777"
"189.90.241.30","elite","AS28201","BR","Companhia Itabirana Telecomunicações Ltda","208","Restaurante E Posto Pires Ltda","63253","socks4","98","1","2023-01-15T11:07:50.534Z","88","742","839"
"38.143.136.30","elite","AS174","CA","Cogent Communications","92","eTor Networks","5678","socks4","1004","1","2023-01-15T11:07:50.621Z","99","763","773"
"103.58.75.29","elite","AS134204","BD","BUSINESSNETWORK","192","N/A","5678","socks4","415","1","2023-01-15T11:07:50.285Z","97","765","791"
"91.216.254.14","elite","AS212918","ES","Clicktel SL","50","Clicktel SL","55555","socks4","682","1","2023-01-15T11:07:50.283Z","100","837","839"
"103.77.227.161","elite","AS64298","ID","UPN Veteran Surabaya","181","UPN Veteran Surabaya","4153","socks4","875","1","2023-01-15T11:07:50.278Z","98","818","838"
"170.254.255.240","elite","AS52584","BR","Connect Fibra","208","Connect Fibra","45816","socks4","370","1","2023-01-15T11:07:50.286Z","96","779","808"
"167.172.23.19","elite","AS14061","US","DigitalOcean, LLC","78","DigitalOcean, LLC","64065","socks5","910","7","2023-01-15T11:07:50.993Z","99","832","838"
"95.216.201.74","elite","AS24940","FI","Hetzner Online GmbH","38","HETZNER-DC","1080","socks5","928","1","2023-01-15T11:07:50.992Z","100","761","761"
"116.118.98.21","elite","AS7602","VN","Saigon Postel Corporation","277","N/A","5678","socks4","997","1","2023-01-15T11:07:50.040Z","97","790","812"
"46.227.37.145","elite","AS51155","PL","Telemedian - TB Telecom","36","Telemedian","1088","socks4","1068","1","2023-01-15T11:07:50.037Z","100","746","749"
"187.157.30.202","elite","AS8151","MX","Uninet S.A. de C.V.","160","Uninet S.A. de C.V.","4153","socks4","827","1","2023-01-15T11:07:50.282Z","99","817","825"
"170.78.92.30","elite","AS265500","BR","Almeirim Telecom Ltda - ME","232","Rede Ultra MF Telecom","5678","socks4","961","1","2023-01-15T11:07:50.622Z","98","824","838"
"89.249.253.10","elite","AS31370","RU","Mosline ISP","52","OOO Montaj Telecom Service","80","socks4","1060","1","2023-01-15T11:07:50.038Z","100","734","736"
"111.67.197.147","elite","AS4808","CN","China Unicom Beijing Province Network","296","Beijing yiantianxia Network Science&Technology Co Ltd.","6666","socks5","842","1","2023-01-15T11:07:50.281Z","99","805","813"
"112.87.89.192","elite","AS4837","CN","China Unicom CHINA169 Jiangsu Province Network","204","N/A","8089","socks4","659","1","2023-01-15T11:07:50.283Z","88","645","735"
"177.184.72.22","elite","AS52898","BR","Multipla Serviços Inteligentes","215","Multipla Serviços Inteligentes","4145","socks4","106","1","2023-01-15T11:07:50.533Z","100","833","837"
"185.208.175.40","anonymous","AS60631","IR","Pars Parva System Ltd","122","N/A","3133","http","238","461","2023-01-15T11:07:49.080Z","91","655","719"
"82.114.99.202","anonymous","AS21353","RU","Tehdilinvest Company","44","ArtCommunications Ltd.","1256","https","979","683","2023-01-15T11:07:49.368Z","99","782","786"
"187.86.129.132","elite","AS53066","BR","VETORIALNET INF. E SERVIÇOS DE INTERNET LTDA","239","VETORIALNET INF. E SERVI�OS DE INTERNET LTDA","63253","socks4","954","1","2023-01-15T11:07:49.068Z","100","812","813"
"138.185.236.121","elite","AS263919","BR","Powertech Informatica","215","Egla Alves Bispo - ME","5678","socks4","919","1","2023-01-15T11:07:49.070Z","99","784","791"
"113.160.106.45","elite","AS45899","VN","VietNam Post and Telecom Corporation","192","Vietnam Posts and Telecommunications Group","4153","socks4","1007","1","2023-01-15T11:07:49.366Z","93","783","838"
"110.78.149.121","elite","AS131090","TH","CAT-BB","184","N/A","4145","socks4","998","1","2023-01-15T11:07:49.367Z","87","728","839"
"103.47.93.193","elite","AS134058","IN","Broban Internet Services Pvt.ltd","220","Broban  PVT Ltd.","1080","socks4","911","1","2023-01-15T11:07:49.070Z","100","774","777"
"45.112.125.57","elite","AS58369","ID","FIBERNET","164","N/A","4145","socks4","1011","1","2023-01-15T11:07:49.735Z","100","804","807"
"69.75.122.146","elite","AS20001","US","Spectrum","220","Days INN Ontario","39593","socks4","994","1","2023-01-15T11:07:49.736Z","94","716","763"
"45.112.125.50","elite","AS58369","ID","FIBERNET","173","N/A","4145","socks4","929","1","2023-01-15T11:07:49.069Z","99","830","837"
"177.66.195.116","elite","AS262503","BR","Wiki Telecomunicacoes Eireli","184","Maranhão Telecom ltda ME","4145","socks4","946","1","2023-01-15T11:07:49.068Z","99","790","800"
"46.227.37.49","elite","AS51155","PL","Telemedian - TB Telecom","36","Telemedian","1088","socks4","1044","1","2023-01-15T11:07:49.733Z","99","791","795"
"103.66.233.153","elite","AS134014","IN","NET 4 U SERVICES","193","N/A","4145","socks4","1018","1","2023-01-15T11:07:49.735Z","100","824","826"
"41.128.72.62","elite","AS24863","EG","LINKdotNET AS number","60","Link Egypt (Link.NET)","5678","socks4","1031","1","2023-01-15T11:07:49.383Z","98","821","839"
"75.119.206.53","elite","AS26347","US","New Dream Network, LLC","150","New Dream Network, LLC","15745","socks4","979","1","2023-01-15T11:07:49.066Z","100","822","822"
"74.95.1.114","elite","AS7922","US","Comcast Cable Communications","160","Budget INN SAN Leandro","33108","socks4","971","1","2023-01-15T11:07:49.067Z","97","803","829"
"188.166.239.48","elite","AS14061","SG","DigitalOcean, LLC","156","Digitalocean","3128","socks4","774","1","2023-01-15T11:07:48.110Z","100","800","801"
"103.82.8.193","elite","AS136156","BD","FNF Online","174","N/A","4153","socks4","760","1","2023-01-15T11:07:48.736Z","83","687","824"
"104.25.87.42","elite","AS13335","CA","Cloudflare, Inc.","1","Cloudflare, Inc.","80","socks4","220","1","2023-01-15T11:07:48.296Z","100","763","763"
"122.70.153.17","elite","AS24138","CN","China TieTong Telecommunications Corporation","324","China TieTong Telecommunications Corporation","80","socks4","730","1","2023-01-15T11:07:48.474Z","54","445","821"
"218.92.231.163","elite","AS4134","CN","CHINANET jiangsu province network","186","N/A","1080","socks5","212","1","2023-01-15T11:07:48.740Z","97","763","783"
"64.225.28.168","elite","AS14061","US","DigitalOcean, LLC","78","DigitalOcean, LLC","38461","socks4","426","1","2023-01-15T11:07:48.361Z","100","740","740"
"157.245.59.71","elite","AS14061","SG","DigitalOcean, LLC","172","DigitalOcean, LLC","42765","socks4","184","1","2023-01-15T11:07:48.484Z","100","779","780"
"61.178.94.23","elite","AS4134","CN","Chinanet","182","N/A","7302","socks5","651","1","2023-01-15T11:07:48.739Z","97","733","758"
"185.173.106.113","elite","AS59441","IR","Hostiran Network","162","N/A","8080","socks5","802","1","2023-01-15T11:07:48.734Z","89","651","729"
"110.44.113.162","elite","AS45650","NP","Vianet Communications Pvt. Ltd","187","Vianet Communications Pvt. Ltd","5678","socks4","1051","1","2023-01-15T11:07:48.234Z","98","824","839"
"89.219.34.146","elite","AS48716","KZ","PS Internet Company LLC","99","Pskz Hosting","10043","socks4","669","1","2023-01-15T11:07:48.477Z","100","776","777"
"176.58.121.182","elite","AS63949","GB","Linode, LLC","9","Linode","3128","socks5","245","1","2023-01-15T11:07:48.287Z","28","209","739"
"85.26.227.178","elite","AS31205","RU","Siberia Branch of OJSC MegaFon internal .","173","CJSC Mobicom-Novosibirsk network","47886","socks4","398","1","2023-01-15T11:07:48.479Z","37","293","790"
"185.170.233.107","elite","AS206912","CY","Superdach LTD","67","Infra","47574","socks4","769","1","2023-01-15T11:07:48.111Z","100","834","834"
"43.134.230.127","elite","AS132203","SG","Aceville Pte.ltd","324","N/A","443","socks4","1018","1","2023-01-15T11:07:48.235Z","66","518","790"
"101.43.152.93","elite","AS45090","CN","Shenzhen Tencent Computer Systems Company Limited","177","Tencent Cloud Computing (Beijing) Co., Ltd","2080","socks4","886","1","2023-01-15T11:07:48.285Z","97","711","731"
"8.208.82.80","elite","AS45102","GB","Alibaba.com Singapore E-Commerce Private Limited","12","Aliyun Computing Co.","8081","http","1082","312","2023-01-15T11:07:48.269Z","100","838","838"
"51.222.13.193","elite","AS16276","CA","OVH SAS","92","OVH Hosting, Inc.","10084","socks5","811","1","2023-01-15T11:07:48.734Z","100","785","785"
"72.195.34.42","elite","AS22773","US","Cox Communications Inc.","152","Cox Communications","4145","socks5","770","1","2023-01-15T11:07:48.120Z","84","606","723"
"197.234.13.17","elite","AS36902","SC","Intelvision","175","Intelvision Ltd","4145","socks4","761","1","2023-01-15T11:07:48.473Z","99","753","757"
"167.99.182.227","elite","AS14061","CA","DigitalOcean, LLC","94","DigitalOcean, LLC","39031","socks4","989","1","2023-01-15T11:07:48.128Z","13","95","723"
"218.1.200.244","elite","AS4812","CN","China Telecom","175","N/A","57114","socks5","818","1","2023-01-15T11:07:48.298Z","34","267","780"
"94.139.170.82","elite","AS206065","IR","Farabord Dadeh Haye Iranian Co.","127","FDI LTE Static","33848","socks4","204","1","2023-01-15T11:07:48.485Z","99","833","839"
"69.36.63.128","elite","AS19310","US","Point Broadband Fiber Holding, LLC","95","Point Broadband Fiber Holding, LLC","1080","socks4","691","1","2023-01-15T11:07:48.476Z","99","832","838"
"1.2.209.194","elite","AS23969","TH","TOT Public Company Limited","152","TOT Public Company Limited","4145","socks4","748","1","2023-01-15T11:07:48.474Z","75","625","838"
"117.202.20.70","elite","AS9829","IN","BSNL Internet","144","NIB","1088","socks4","782","1","2023-01-15T11:07:48.109Z","97","816","838"
"103.110.59.3","elite","AS38026","BD","MetroTel Bangladesh Ltd","185","N/A","35294","socks4","757","1","2023-01-15T11:07:48.110Z","95","798","839"
"46.161.196.174","elite","AS205254","IQ","Valin Company for General Trading and Communication LTD","71","Valin Company General Trading and Communication LTD","4145","socks4","119","1","2023-01-15T11:07:48.478Z","97","812","840"
"103.140.35.11","elite","AS58369","ID","PT.Simprug Mahkota Indah","168","N/A","4145","socks4","792","1","2023-01-15T11:07:48.108Z","93","780","838"
"187.95.82.57","elite","AS262696","BR","Turbonet Telecomunicações","190","Turbonet Telecomunicações","3629","socks4","732","1","2023-01-15T11:07:48.221Z","99","811","817"
"114.134.90.43","elite","AS38031","BD","OptiMax Communication Ltd","154","Cable modem client group","5678","socks4","980","1","2023-01-15T11:07:48.286Z","87","714","823"
"103.127.56.236","elite","AS138501","BD","Unified Core Limited","200","Unified Core Limited","5678","socks4","91","1","2023-01-15T11:07:48.737Z","98","757","773"
"1.15.172.214","elite","AS45090","CN","Tencent Cloud Computing (Beijing) Co. Ltd.","177","Tencent Cloud Computing (Beijing) Co. Ltd.","7890","socks4","786","1","2023-01-15T11:07:48.735Z","84","625","744"
"177.93.50.106","anonymous","AS262186","CO","TV AZTECA SUCURSAL COLOMBIA","161","TV AZTECA SUCURSAL COLOMBIA","999","http","390","552","2023-01-15T11:07:47.605Z","100","716","718"
"103.85.103.129","elite","AS135788","IN","Vedant Broadband","192","N/A","5678","socks4","586","1","2023-01-15T11:07:47.604Z","100","837","839"
"103.66.233.177","elite","AS134014","IN","NET 4 U SERVICES","120","N/A","4145","socks4","577","1","2023-01-15T11:07:47.605Z","100","819","822"
"71.61.1.80","elite","AS7922","US","Comcast Cable Communications","100","Comcast Cable Communications Holdings, Inc","29951","socks4","638","1","2023-01-15T11:07:47.917Z","100","815","815"
"36.67.45.71","elite","AS7713","ID","PT. Telekomunikasi Indonesia","199","N/A","1086","socks4","937","1","2023-01-15T11:07:47.329Z","97","817","838"
"38.83.108.90","elite","AS63199","US","Cogent Communications","117","CDS Global Cloud Co., Ltd","5678","socks4","652","1","2023-01-15T11:07:47.916Z","100","839","839"
"27.239.65.23","elite","AS4766","KR","Korea Telecom","222","Kornet","8085","socks4","975","1","2023-01-15T11:07:47.627Z","100","718","720"
"176.236.163.36","elite","AS34984","TR","Superonline Iletisim Hizmetleri A.S.","62","AYD Telekomunikasyon BIL  TEK  SAN  VE TIC  LTD","59311","socks4","569","1","2023-01-15T11:07:47.605Z","99","831","837"
"38.127.172.221","elite","AS174","US","Cogent Communications","82","Torlandia Trading SRL","55994","socks4","996","1","2023-01-15T11:07:47.327Z","100","747","749"
"101.32.194.63","elite","AS132203","HK","Shenzhen Tencent Computer Systems Company Limited","241","Tencent Cloud Computing","8080","http","739","641","2023-01-15T11:07:47.329Z","100","714","716"
"103.47.94.34","elite","AS134058","IN","Broban Internet Services Pvt.ltd","143","Broban  PVT Ltd.","1080","socks4","306","1","2023-01-15T11:07:46.977Z","100","777","778"
"95.104.10.161","elite","AS16010","GE","Magticom Ltd.","75","Magticom","3128","socks4","401","2","2023-01-15T11:07:46.649Z","100","835","839"
"169.255.139.5","elite","AS36892","SS","IPTEC South Sudan","198","Iptec LTD","60279","socks4","319","1","2023-01-15T11:07:46.653Z","98","779","794"
"154.113.86.177","elite","AS37282","NG","Mainone Cable Company","135","MaiOne SME","5678","socks4","354","1","2023-01-15T11:07:46.115Z","100","717","717"
"45.76.9.121","elite","AS20473","US","The Constant Company","85","Vultr Holdings, LLC","11324","socks5","371","1","2023-01-15T11:07:46.650Z","85","608","717"
"103.95.197.233","elite","AS135918","VN","Viet Digital Technology Liability Company","195","DVS","9050","socks5","1008","1","2023-01-15T11:07:46.362Z","99","753","760"
"101.51.104.21","elite","AS23969","TH","TOT Public Company Limited","155","TOT Public Company Limited","4145","socks4","381","1","2023-01-15T11:07:46.978Z","56","443","795"
"122.247.90.148","elite","AS4134","CN","Chinanet","233","N/A","1080","socks5","1024","1","2023-01-15T11:07:46.107Z","16","124","784"
"181.188.187.139","elite","AS27882","BO","Telefónica Celular de Bolivia S.A.","199","Telefónica Celular de Bolivia S.A","5678","socks4","764","1","2023-01-15T11:07:46.664Z","98","770","783"
"45.63.70.67","elite","AS20473","US","The Constant Company","97","Vultr Holdings, LLC","29313","socks4","903","1","2023-01-15T11:07:46.647Z","100","743","744"
"194.36.98.231","elite","AS203020","PT","HostRoyale Technologies Pvt Ltd","34","In Hostroyale","80","socks4","802","1","2023-01-15T11:07:46.663Z","100","784","785"
"201.76.122.177","elite","AS262794","BR","Vero S.A","224","Vero S.A","20183","socks4","354","1","2023-01-15T11:07:46.651Z","99","811","816"
"154.113.32.17","anonymous","AS37282","NG","Mainone Cable Company","137","Mainone Cable Company","8080","http","1053","648","2023-01-15T11:07:46.362Z","99","733","744"
"77.236.236.44","anonymous","AS21353","RU","Enforta-MSK","79","ArtCommunications Ltd.","8080","http","591","240","2023-01-15T11:07:46.977Z","91","654","719"
"183.89.50.62","elite","AS45629","TH","Triple T Broadband Public Company Limited","167","Triple T Broadband Public Company Limited","4145","socks4","1045","1","2023-01-15T11:07:46.360Z","94","725","774"
"192.12.113.238","elite","AS266144","BR","Rosana Ferreira da Silva Multimidia ME","161","Rosana Ferreira da Silva Multimidia ME","4145","socks4","389","1","2023-01-15T11:07:46.650Z","14","117","815"
"91.226.51.200","elite","AS49785","PL","P.P.H.U AWIST","130","P.P.H.U AWIST","4145","socks4","1068","1","2023-01-15T11:07:46.105Z","96","806","839"
"188.241.45.142","elite","AS199335","GB","Talk Straight Ltd.","19","N/A","2021","socks5","922","1","2023-01-15T11:07:46.647Z","100","835","837"
"103.89.62.65","elite","AS58972","IN","Bhomika Network PVT LTD","183","Bhomika Network Pvt Ltd","4153","socks4","1058","1","2023-01-15T11:07:46.105Z","99","732","738"
"31.209.96.173","elite","AS197792","CY","Multimax Iletisim Limited","71","N/A","51688","socks4","932","1","2023-01-15T11:07:46.646Z","100","835","837"
"124.41.228.175","elite","AS17501","NP","WorldLink Communications","192","N/A","5678","socks4","1037","1","2023-01-15T11:07:46.361Z","100","820","823"
"124.105.55.176","elite","AS9299","PH","Philippine Long Distance Telephone Co.","267","Philippine Long Distance Telephone Co","30906","socks4","314","1","2023-01-15T11:07:46.977Z","100","838","838"
"110.77.184.124","elite","AS131090","TH","CAT-BB","184","N/A","4145","socks4","574","1","2023-01-15T11:07:46.648Z","85","645","762"
"197.234.13.90","elite","AS36902","SC","Intelvision","177","Intelvision Ltd","4145","socks4","1082","1","2023-01-15T11:07:46.104Z","99","772","777"
"178.253.212.118","elite","AS28964","RS","Orion Telekom users in Ugrinovci","43","N/A","1080","socks4","757","1","2023-01-15T11:07:46.376Z","100","834","838"
"117.84.165.182","elite","AS4134","CN","Chinanet","180","Chinanet JS","1080","socks5","346","1","2023-01-15T11:07:45.037Z","67","486","721"
"114.5.196.210","elite","AS4761","ID","PT. INDOSAT Tbk","235","PT. INDOSAT Tbk","1081","socks4","1008","1","2023-01-15T11:07:45.915Z","43","326","750"
"183.89.117.134","elite","AS45629","TH","Triple T Broadband Public Company Limited","175","Triple T Broadband Public Company Limited","4145","socks4","925","1","2023-01-15T11:07:45.034Z","100","831","834"
"103.217.249.250","elite","AS135185","IN","Atoz Infolink Pvt. LTD","205","Atoz Infolink Pvt. Ltd.","5678","socks4","1012","1","2023-01-15T11:07:45.404Z","100","837","840"
"104.16.108.204","elite","AS13335","CA","Cloudflare, Inc.","1","Cloudflare, Inc.","80","socks4","329","1","2023-01-15T11:07:45.035Z","100","786","787"
"154.64.217.128","elite","AS399291","PR","OSNET Wireless","153","OSNet Wireless","36468","socks4","975","1","2023-01-15T11:07:45.916Z","96","800","837"
"43.154.49.67","elite","AS132203","HK","Shenzhen Tencent Computer Systems Company Limited","242","Tencent Cloud Computing","9999","socks5","327","1","2023-01-15T11:07:45.202Z","100","749","751"
"103.76.190.81","elite","AS135758","IN","Alacriy Net System Service Private Limited","165","Alacriy Net System Service Private Limited","4153","socks4","964","1","2023-01-15T11:07:45.405Z","99","771","776"
"103.56.205.79","elite","AS58477","ID","Argon Data Communication","259","N/A","5678","socks4","988","1","2023-01-15T11:07:45.916Z","87","629","724"
"79.101.106.74","elite","AS8400","RS","TELEKOM-SRBIJA","39","N/A","33608","socks4","1045","1","2023-01-15T11:07:45.912Z","100","838","839"
"110.77.232.172","elite","AS131090","TH","CAT Telecom Public Company Limited","199","CAT BBviaOnnet","4145","socks4","973","1","2023-01-15T11:07:45.405Z","96","801","837"
"118.174.21.117","elite","AS131293","TH","TOT Public Company Limited","211","TOT Public Company Limited","13629","socks4","934","1","2023-01-15T11:07:45.033Z","87","727","837"
"200.152.107.104","elite","AS21571","BR","MLS Wireless S/A","210","MLS Projetos de Informatica","1080","socks5","337","1","2023-01-15T11:07:45.040Z","97","764","785"
"112.85.131.187","elite","AS4837","CN","China Unicom CHINA169 Jiangsu Province Network","197","N/A","9999","socks4","1037","1","2023-01-15T11:07:45.913Z","32","252","800"
"27.123.1.36","elite","AS45706","ID","PT Tele Globe Global","164","N/A","4153","socks4","997","1","2023-01-15T11:07:45.915Z","100","824","827"
"221.224.213.158","elite","AS4134","CN","CHINANET jiangsu province network","210","N/A","1080","socks4","942","1","2023-01-15T11:07:45.032Z","95","765","807"
"181.209.106.190","elite","AS52361","AR","ARSAT - Empresa Argentina de Soluciones Satelitales S.A","235","AYD.com S.R.L","1080","socks4","561","1","2023-01-15T11:07:45.946Z","99","830","838"
"175.100.47.191","elite","AS38623","KH","VIETTEL (CAMBODIA) PTE., LTD","227","Viettel (cambodia) Pte., Ltd.","5678","socks4","1020","1","2023-01-15T11:07:45.914Z","93","767","827"
"103.26.209.206","elite","AS18103","ID","Neuviz","347","N/A","11080","socks4","951","1","2023-01-15T11:07:45.031Z","99","716","723"
"188.255.244.45","elite","AS52116","RS","Orion Telekom ISP IP Network in Subotica","36","Orion Telekom Tim d.o.o.Beograd","1080","socks4","1068","1","2023-01-15T11:07:45.911Z","100","814","814"
"103.70.159.155","elite","AS133720","IN","speednet","119","N/A","5678","socks4","1061","1","2023-01-15T11:07:45.912Z","100","790","793"
"185.125.253.218","elite","AS49100","IR","PTE","110","N/A","1080","socks4","1032","1","2023-01-15T11:07:45.403Z","99","732","739"
"117.186.40.30","elite","AS24400","CN","China Mobile communications corporation","284","China Mobile","1080","socks4","928","1","2023-01-15T11:07:44.859Z","98","782","800"
"83.168.84.86","elite","AS31304","PL","ESPOL-FH","36","N/A","4153","socks4","1070","1","2023-01-15T11:07:44.499Z","99","829","838"
"62.85.224.217","elite","AS8968","IT","BT Italia S.p.A.","45","Molitel SRL","5678","socks4","1061","1","2023-01-15T11:07:44.500Z","99","833","838"
"212.129.54.138","anonymous","AS12876","FR","Online S.A.S.","0","ONLINE","3128","http","1050","2844","2023-01-15T11:07:44.858Z","100","718","718"
"77.89.228.162","elite","AS25454","MD","Orange Moldova Network","54","N/A","4153","socks4","923","1","2023-01-15T11:07:44.294Z","99","772","776"
"203.6.226.172","elite","AS58519","CN","Cloud Computing Corporation","246","Chinanet GD","8888","socks4","850","1","2023-01-15T11:07:44.297Z","43","349","818"
"31.11.172.54","elite","AS29314","PL","Vectra S.A. BUSINESS P2P CONNECTIONS","50","Vectra S.A","4153","socks4","945","1","2023-01-15T11:07:44.858Z","100","817","818"
"193.3.40.250","anonymous","AS44533","UA","Alexey Geiner","82","Inna Grigorevna Khoruzhaya","8080","http","1107","346","2023-01-15T11:07:44.461Z","100","807","807"
"131.196.180.1","elite","AS265758","AR","Cooperativa De Obras Y Servicios Publicos De Despenaderos Limitada","225","Cooperativa De Obras Y Servicios Publicos De Despenaderos Limitada","4153","socks4","997","1","2023-01-15T11:07:44.016Z","100","837","839"
"103.12.246.41","elite","AS134941","IN","Instant Cable Network PVT LTD","143","Instant Cable Network PVT LTD","4145","socks4","932","1","2023-01-15T11:07:44.293Z","100","797","799"
"118.174.219.165","elite","AS23969","TH","TOT Public Company Limited","163","TOT Public Company Limited","4153","socks4","550","1","2023-01-15T11:07:44.734Z","95","782","827"
"51.75.83.94","elite","AS16276","DE","OVH SAS","11","mizbandadehpardazi Mobinh","1080","socks5","1053","1","2023-01-15T11:07:44.461Z","91","761","839"
"114.7.97.193","elite","AS4761","ID","PT. INDOSAT Tbk","200","PT. INDOSAT Tbk","4145","socks4","915","1","2023-01-15T11:07:44.294Z","93","782","838"
"170.254.255.248","elite","AS52584","BR","Connect Fibra","209","Connect Fibra","45816","socks4","913","1","2023-01-15T11:07:44.860Z","96","766","795"
"185.161.186.83","elite","AS43618","ES","Inforcelra SLU","72","Inforcelra SLU","54321","socks4","907","1","2023-01-15T11:07:44.446Z","100","839","839"
"124.121.203.73","elite","AS17552","TH","TRUEBB","203","N/A","8080","socks4","1075","1","2023-01-15T11:07:44.313Z","18","143","796"
"82.157.234.235","elite","AS45090","CN","Shenzhen Tencent Computer Systems Company Limited","158","Tencent Cloud Computing (Beijing) Co., Ltd","1080","socks4","1092","1","2023-01-15T11:07:44.312Z","95","773","811"
"105.213.145.93","elite","AS16637","ZA","MTN SA","178","MTN SA","5678","socks4","917","1","2023-01-15T11:07:44.446Z","98","795","812"
"38.127.172.161","elite","AS174","US","Cogent Communications","82","Torlandia Trading SRL","46656","socks4","883","1","2023-01-15T11:07:44.608Z","100","762","764"
"113.74.26.116","elite","AS4134","CN","Chinanet","212","Chinanet GD","4145","socks4","865","1","2023-01-15T11:07:44.296Z","92","768","838"
"38.127.172.186","elite","AS174","US","Cogent Communications","79","Torlandia Trading SRL","55994","socks4","363","1","2023-01-15T11:07:44.867Z","100","748","750"
"103.131.19.141","elite","AS138089","ID","Global Media Inti Semesta","193","N/A","8080","socks4","512","1","2023-01-15T11:07:44.737Z","88","693","786"
"103.105.40.65","elite","AS137143","IN","Minnal Digital Network Private Limited","156","Minnal Digital Network Private Limited","4145","socks4","885","1","2023-01-15T11:07:44.446Z","100","837","838"
"177.105.68.164","elite","AS262637","BR","Netprimus Tecnologia Ltda","188","Netprimus Tecnologia Ltda","4153","socks4","822","1","2023-01-15T11:07:44.448Z","99","823","828"
"188.255.245.177","elite","AS52116","RS","Orion Telekom ISP IP Network in Subotica","37","Orion Telekom Tim d.o.o.Beograd","1080","socks4","907","1","2023-01-15T11:07:44.295Z","100","837","838"
"185.186.18.20","elite","AS57723","PL","Media Telekom Sp. z o.o.","48","Media Telekom Sp. z o.o.","5678","socks4","892","1","2023-01-15T11:07:44.605Z","100","795","797"
"182.23.107.210","anonymous","AS4800","ID","PT Aplikanusa Lintasarta","192","N/A","3128","http","851","571","2023-01-15T11:07:44.449Z","99","709","719"
"61.247.25.57","elite","AS23700","ID","Linknet-Fastnet ASN","198","FastNet","4145","socks4","1013","1","2023-01-15T11:07:44.606Z","100","721","724"
"112.87.5.245","elite","AS4837","CN","China Unicom CHINA169 Jiangsu Province Network","204","N/A","38801","socks4","989","1","2023-01-15T11:07:43.684Z","56","467","838"
"186.251.255.209","elite","AS267513","BR","Seanet Telecom Carazinho Eireli","218","Seanet Telecom Carazinho Eireli","31337","socks4","867","1","2023-01-15T11:07:43.998Z","100","823","825"
"45.56.112.189","elite","AS63949","US","Linode, LLC","97","Linode","7497","socks5","1020","1","2023-01-15T11:07:43.683Z","100","774","776"
"121.132.108.65","elite","AS4766","KR","Korea Telecom","207","N/A","5156","socks4","910","1","2023-01-15T11:07:43.315Z","99","777","781"
"75.119.202.21","elite","AS26347","US","New Dream Network, LLC","151","New Dream Network, LLC","15745","socks5","858","1","2023-01-15T11:07:44.000Z","100","820","820"
"45.238.57.1","elite","AS264668","EC","Nedetel S.A.","158","Instalacion De Sistemas EN Redes Insysred S.A","3629","socks4","961","1","2023-01-15T11:07:43.312Z","100","835","838"
"103.215.207.85","anonymous","AS134004","IN","Gurudev Communication","149","N/A","82","http","936","455","2023-01-15T11:07:43.622Z","92","734","795"
"189.201.191.67","elite","AS28438","MX","ATC HOLDING FIBRA MEXICO, S. DE R.L. DE C.V.","141","ATC HOLDING FIBRA MEXICO, S. DE R.L. DE C.V","4145","socks4","913","1","2023-01-15T11:07:43.014Z","100","796","797"
"45.7.177.187","elite","AS266626","BR","Litoral Telecom","196","Litoral Telecom","39867","socks4","861","1","2023-01-15T11:07:43.016Z","97","810","838"
"31.170.17.141","elite","AS42099","LV","DNET ITRisinajumi Ltd.","42","Sia Nano IT","4153","socks4","902","1","2023-01-15T11:07:43.015Z","100","836","838"
"177.223.48.126","elite","AS263500","BR","Star Telecom S/A","221","Star Telecom S/A","52104","socks4","841","1","2023-01-15T11:07:43.017Z","99","810","817"
"186.46.166.50","elite","AS28006","EC","Corporacion Nacional De Telecomunicaciones - CNT EP","177","Corporacion Nacional De Telecomunicaciones - CNT EP","5678","socks4","981","1","2023-01-15T11:07:43.685Z","100","793","795"
"79.175.134.30","elite","AS25184","IR","AFranet Co","92","Afranet","808","http","881","640","2023-01-15T11:07:43.621Z","98","701","718"
"36.37.107.210","elite","AS4800","ID","LINTASARTA","206","N/A","4153","socks4","925","1","2023-01-15T11:07:43.315Z","92","660","720"
"200.141.204.90","elite","AS7738","BR","V tal","453","Telemar Norte Leste S.A","4153","socks4","977","1","2023-01-15T11:07:43.624Z","46","331","721"
"45.5.119.86","elite","AS265684","GT","Inversiones Grajeda Andrade S.A","135","Infinitum S.A","4153","socks4","924","1","2023-01-15T11:07:42.716Z","98","819","838"
"198.98.49.197","elite","AS53667","US","FranTech Solutions","73","FranTech Solutions","30346","socks4","914","1","2023-01-15T11:07:42.405Z","100","802","802"
"36.93.157.49","elite","AS7713","ID","Telekomunikasi Indonesia","203","HSI Indihome","5678","socks4","932","1","2023-01-15T11:07:42.716Z","93","740","796"
"178.249.218.34","elite","AS44219","IT","ICCOM s.r.l.","37","N/A","5678","socks4","1034","1","2023-01-15T11:07:42.108Z","99","776","783"
"45.227.92.213","elite","AS266653","AR","Andros-net Comunicaciones S.R.L.","220","Andros-net Comunicaciones S.R.L","8080","socks4","891","1","2023-01-15T11:07:42.408Z","80","670","839"
"66.33.209.193","elite","AS26347","US","New Dream Network, LLC","79","New Dream Network, LLC","58418","socks5","1049","1","2023-01-15T11:07:42.385Z","100","829","829"
"38.127.172.28","elite","AS174","US","Cogent Communications","79","Torlandia Trading SRL","11537","socks4","887","1","2023-01-15T11:07:42.131Z","100","778","779"
"190.103.28.76","elite","AS264628","VE","CORPORACION FIBEX TELECOM, C.A.","152","CORPORACION FIBEX TELECOM, C.A","4145","socks4","873","1","2023-01-15T11:07:42.719Z","100","802","803"
"203.28.8.141","elite","AS209242","CY","Cloudflare London, LLC","1","Lachtaristo Holdings Limited","80","socks5","949","1","2023-01-15T11:07:42.731Z","100","817","818"
"103.210.28.66","elite","AS134922","IN","R G TECHNOSOLUTIONS PVT LTD","147","R G Technosolutions PVT LTD","31433","socks4","897","1","2023-01-15T11:07:42.131Z","99","796","801"
"103.240.33.177","elite","AS132923","IN","Vihaan Telecommunication Pvt. Ltd.","139","Vihaan","8291","socks4","941","1","2023-01-15T11:07:42.715Z","99","828","838"
"84.22.45.175","elite","AS33983","AL","Artmotion Sh.P.K.","36","Artmotion","1080","socks4","940","1","2023-01-15T11:07:42.732Z","100","833","837"
"186.249.240.146","elite","AS263027","BR","R. F. COVRE - INFORMATICA","197","R. F. COVRE - INFORMATICA","50733","socks4","1041","1","2023-01-15T11:07:42.386Z","100","825","827"
"110.78.148.198","elite","AS131090","TH","CAT-BB","190","N/A","4145","socks4","890","1","2023-01-15T11:07:42.718Z","87","653","750"
"172.98.20.80","elite","AS7018","US","AT&T Services, Inc.","85","Bunny Technology LLC","10001","socks4","931","1","2023-01-15T11:07:42.738Z","97","757","780"
"213.230.111.76","elite","AS8193","UZ","\"Uzbektelekom\" Joint Stock Company","115","Uztelecom Static","4145","socks4","1058","1","2023-01-15T11:07:42.384Z","100","834","837"
"65.21.150.198","elite","AS24940","FI","Hetzner Online GmbH","38","Hetzner","3068","socks4","905","1","2023-01-15T11:07:42.130Z","100","839","839"
"45.112.127.140","anonymous","AS58369","ID","FIBERNET","165","N/A","3179","http","977","831","2023-01-15T11:07:42.409Z","99","719","723"
"207.180.251.253","elite","AS51167","DE","Contabo GmbH","16","Contabo GmbH","12581","socks5","896","1","2023-01-15T11:07:42.741Z","100","723","724"